Field_ID,Yield,Water_Usage,Fertilizer_Usage,Hectares,Productivity_Score,Water_Per_Hectare,Fertilizer_Per_Hectare
1,1200,300,50,2.0,342.86,150.0,25.0
2,1500,350,60,3.0,365.85,116.66666666666667,20.0
3,1300,370,60,2.5,302.33,128.0,22.0
4,1800,400,65,4.0,387.1,100.0,16.25
5,1700,380,62,3.5,384.62,108.57142857142857,17.714285714285715
