Field_ID,Area,Yield,Water_Usage,Fertilizer_Usage,Soil_Quality,Water_Per_Hectare,Fertilizer_Per_Hectare,Productivity_Score
1,2.5,4.2,15000,120,8,6000.0,48.0,0.0013227513227513227
2,3.0,3.8,17000,140,7,5666.666666666667,46.666666666666664,0.0012252042007001166
3,1.8,4.5,2000,50,9,7222.222222222222,61.11111111111111,0.007902439024390244
4,2.0,4.0,14500,125,8,7250.0,62.5,0.001094017094017094
5,2.2,4.1,16000,130,7,7272.727272727272,59.090909090909086,0.0009547427154370738
